id,name,email
10,Customer 10,customer10@example.com
46,Customer 46,customer46@example.com
73,Customer 73,customer73@example.com
19,Customer 19,customer19@example.com
100,Customer 100,customer100@example.com
8,Customer 8,customer8@example.com
94,Customer 94,customer94@example.com
50,Customer 50,customer50@example.com
59,Customer 59,customer59@example.com
74,Customer 74,customer74@example.com
36,Customer 36,customer36@example.com
23,Customer 23,customer23@example.com
14,Customer 14,customer14@example.com
9,Customer 9,customer9@example.com
